{
  "CanProducerSellInquiryRequest": {
    "legalEntityTypeCode": "X",
    "CUSIP": "string",
    "typeCode": "string",
    "policyNumber": "string",
    "signedDate": "2023-11-03",
    "messageInformation": {
      "associatedFirmId": "string",
      "businessPurposeSubTypeCode": "22810",
      "businessPurposeTypeCode": "228",
      "effectiveDate": "2023-11-03",
      "processingStageCode": "CO",
      "receiver": "string",
      "sender": "string",
      "trackingNumber": "string"
    },
    "applicationSigned": {
      "stateOrProvinceCode": "string",
      "regionCode": "string"
    },
    "soliciationOrApplication": {
      "stateOrProvinceCode": "string",
      "regionCode": "string"
    },
    "issued": {
      "stateOrProvinceCode": "string",
      "regionCode": "string"
    },
    "ownerResident": {
      "stateOrProvinceCode": "string",
      "regionCode": "string"
    },
    "annuitantResident": {
      "stateOrProvinceCode": "string",
      "regionCode": "string"
    },
    "jointOwnerResident": {
      "stateOrProvinceCode": "string",
      "regionCode": "string"
    },
    "producerInfoList": [
      {
        "sequenceNumber": 25,
        "fullName": "string",
        "givenName": "string",
        "surname": "string",
        "roleCode": "AG",
        "partyIdentity": [
          {
            "typeCode": "npn",
            "typeId": "string"
          }
        ]
      }
    ]
  },
  "CanProducerSellInquiryResponse": {
    "messageInformation": {
      "associatedFirmId": "string",
      "businessPurposeSubTypeCode": "22810",
      "businessPurposeTypeCode": "228",
      "effectiveDate": "2023-11-03",
      "processingStageCode": "CO",
      "receiver": "string",
      "sender": "string",
      "trackingNumber": "string"
    },
    "responseList": [
      {
        "sequenceNumber": 25,
        "fullName": "string",
        "givenName": "string",
        "surname": "string",
        "roleCode": "AG",
        "partyIdentity": [
          {
            "typeCode": "npn",
            "typeId": "string"
          }
        ],
        "errorCode": "200",
        "errorDescription": "string",
        "statusCode": "1"
      }
    ]
  }
}