{
    "businessPurposeTypeCode" : "291",
    "statusCode" : "200",
    "statusDescription" : "Successful processing of request",
    "sender" :  "32423432",
    "receiver" :  "6534564",
    "associatedFirmId": "fgdfsgsdfgsdf23423",
    "policy": {
        "policyNumber": "string",
        "statusCode": "{Received,  Canceled, Complete, Action Required, In Progress}",
        "application": {
            "methodCode": "{Electronic, Other, Paper}",
            "applicationNumber": "string",
            "signedDate": "2023-10-19",
            "receivedDate": "2023-10-19",
            "rate": {"effectiveDate": "2023-10-19"},
            "fundsHeld": {"endDate": "2023-10-19"}
        },
        "cancellationDate": "2023-10-19",
        "cancellationReasonCode": "{Advisor canceled, Carrier canceled, Client canceled}",
        "cancellationReasonDescription": "string",
        "issueDate": "2023-10-19",
        "effectiveDate": "2023-10-19",
        "correspondence": {
            "contactDate": "2023-10-19",
            "methodCode": "{FedEx, UPS, Electronic Delivery , Hand Delivery, USPS}",
            "trackingNumber": "string"
        },
        "caseManager": {
            "fullName": "case manager name",
            "phoneNumber": "+1-234-567-8900",
            "emailAddress": "email@domain.com",
            "websiteURL": "http://www.insurer.com"
        },
        "policyActivity": [
            {
                "processingStageCode": "License, Appointment, and Training Review",
                "startDate": "2023-10-19",
                "endDate": "2023-10-19",
                "statusCode": "{Complete, Action Required, In Progress}",
                "errors" : [
                    {
                        "errorCode": "{Training incomplete/missing, Training Expired, Agent not appointed for sale, JIT - Appointment in progress, Agent not licensed, Other - see notes}",
                        "partyIdentity" : {
                            "typeId" : 122312321,
                            "typeCode" : "NPR"
                        }
                    }
                ],
                "note": {"description": "string"}
            },
            {
                "processingStageCode": "Funding",
                "startDate": "2023-10-19",
                "endDate": "2023-10-19",
                "statusCode": "{Complete, Action Required, In Progress}",
                "payment": [
                    {
                        "methodCode": "{Another Policy, Check, Clearinghouse, Credit Card, Debit Card, Digital Payment, Electronic Fund Transfer, Payroll Deduction, Wire Transfer}",
                        "typeCode": "{Contribution, Direct Rollover, Employee Contribution, Employer Contribution, Full 1035 Exchange, Indirect Rollover, Non-qualified Transfer of Assets, Partial 1035 Exchange, Qualified Transfer}",
                        "grossAmount": 11234.56,
                        "receivedDate": "2023-10-19",
                        "statusCode": "{Complete, Action Required, In Progress}",
                        "statusReasonDescription": "{Awaiting funds from Ceding Company,Contact the Carrier,Funding Discrepancy,NIGO at Ceding Carrier,No funds received (Cash), Pending Reg 60, Other - see notes}",
                        "effectiveDate": "2023-10-19",
                        "cedent": {
                            "fullName": "cedingCompany",
                            "policyNumber": "XYZ123",
                            "arrangement": {
                                "amountItem": {"value": 1234556},
                                "startDate": "2023-10-19",
                                "referenceNumber": "123ewqre456",
                                "nextActivityDate": "2023-10-19",
                                "note": {"description": "string"}
                            }
                        },
                        "note": {"description": "string"}
                    }
                ]
            },
            {
                "processingStageCode": "Doc Review",
                "startDate": "2023-10-19",
                "statusCode": "Complete, Action Required, In Progress ",
                "endDate": "2023-10-19",
                "fileInformation": [{
                    "errorCode" : "Application Issue, Contact Carrier, Incomplete Form, Missing Form, Missing Signature, Need Clarity, , Other - see notes",
                    "typeCode": "{Electronic, Paper, PDF Attachment}",
                    "fileName": "requirements.pdf",
                    "formNumber": "xyz987",
                    "content": "base64",
                    "deadlineDate" : "2024-01-01",
                    "note": {"description": "string"}
                }]
            },
            {
                "processingStageCode": "Suitability",
                "startDate": "2023-10-19",
                "statusCode": "{Complete, Action Required, In Progress, Not Applicable}",
                "errorCode": "{More Information Needed,Not suitable for client, Other - see notes}",
                "endDate": "2023-10-19",
                "errorDescription" : "System unavailable",
                "note": {"description": "string"},
                "deadlineDate": "2023-10-19"
            }
        ]
    }
}

{
  "statusCode" : "400"
  "statusDescription" : "The request could not be understood by the server due to incorrect syntax. The client SHOULD NOT repeat the request without modifications. See errors for details."
  "errors" : [
      {
          "errorCode" : "missing field"
          "errorDescription" : "field abc is requried and missing"
      },
      {
          "errorCode" : "invalid value"
          "errorDescription" : "field xyZ does not match the accepted values allowed"
      }
  ]
},


{
  "statusCode" : "500"
  "statusDescription" : "The server encountered an unexpected condition that prevented it from fulfilling the request. See errors for details."
  "errors" : [
      {
          "errorCode" : "After Hours"
          "errorDescription" : "The service is not avaialbe as it is after processing hours"
      },
      {
          "errorCode" : "Connection Timed Out"
          "errorDescription" : "The connection to the data Timed out"
      }
  ]
}