{
    "$schema": "https://json-schema.org/draft/2020-12/schema",
    "info": {
        "title": "Request Annuity Contract Activity Status ",
        "description": "Request Annuity Contract Activity Status Resource Definition",
        "termsOfService": "https://xyz/terms-of-use",
        "contact": [
            {
                "name": "ACORD",
                "url": "http://www.acord.org",
                "email": "memberservices@acord.org"
            },
            {
                "name": "IRI",
                "url": "http://www.https://www.iri.org/",
                "twitter": "https://twitter.com/IRIglobal"
            }
        ],
        "license": {
            "name": "Terms of Use",
            "url": "https://terms-of-use"
        },
        "version": "2.0.0"
    },
    "type": "object",
    "allOf": [
        {"$ref": "#/$defs/messageInformation"}
    ],
    "properties": {
        "policy": {
            "description": "This object defines the details of a policy.",
            "allOf": [
                {"$ref": "#/$defs/policy_main"}
            ]
        }
    },
    "additionalProperties": true,
    "required": ["businessPurposeTypeCode"],
    "$defs": {
        "agent": {
            "type": "object",
            "description": "This identifies information about the agency or the individual within the agency that is producing this business (policy).",
            "allOf": [
                {"$ref": "#/$defs/nameBase"}
            ],
            "properties": {
                "partyIdentity": {
                    "type": "object",
                    "allOf": [
                        {"$ref": "#/$defs/partyIdentity"}
                    ]
                }
            }
        },
        "annuitant": {
            "type": "object",
            "description": "An annuitant is an individual who is entitled to collect the regular payments of a pension or an annuity investment.",
            "allOf": [
                {"$ref": "#/$defs/nameBase"}
            ]
        },
        "amountItem": {
            "type": "object",
            "description": "This is a generic placeholder for amount related items.",
            "properties": {
                "value": {
                    "type": "number",
                    "format": "double",
                    "description": "This is the numeric value of the described amountItemType."
                }
            }
        },
        "application": {
            "type": "object",
            "description": "This object defines the details of an application.",
            "required": [
                "methodCode",
                "applicationNumber",
                "receivedDate"
            ],
            "properties": {
                "methodCode": {
                    "type": "string",
                    "description": "A code identifying the method on which the application was submitted.",
                    "x-codelist": "submissionMethodCodeList",
                    "enum": [
                        "Electronic",
                        "Other",
                        "Paper"
                    ]
                },
                "applicationNumber": {
                    "type": "string",
                    "description": "The unique number assigned to the application being referenced."
                },
                "signedDate": {
                    "type": "string",
                    "format": "date",
                    "description": "Date on which the application was signed."
                },
                "receivedDate": {
                    "type": "string",
                    "format": "date",
                    "description": "Date on which the application was received by the carrier."
                }
            }
        },
        "arrangement": {
            "type": "object",
            "description": "Collection of arrangements for this holding.",
            "required": [
                "startDate",
                "nextActivityDate",
                "note"
            ],
            "properties": {
                "nextActivityDate": {
                    "type": "string",
                    "format": "date",
                    "description": "Date of next scheduled activity."
                },
                "referenceNumber": {
                    "type": "string",
                    "description": "The total number of lives insured, including dependents, under-or provides benefits that are linked to an external reference or equity index."
                },
                "startDate": {
                    "type": "string",
                    "format": "date",
                    "description": "Start date of current activity."
                },
                "amountItem": {
                    "type": "object",
                    "allOf": [
                        {"$ref": "#/$defs/amountItem"}
                    ]
                },
                "note": {
                    "type": "object",
                    "allOf": [
                        {"$ref": "#/$defs/note"}
                    ]
                }
            }
        },
        "cancellationDetails": {
            "type": "object",
            "description": "This object helps and depicts about the refund claims from life insurance plans initiated my members.",
            "properties": {
                "cancellationDate": {
                    "type": "string",
                    "format": "date",
                    "description": "Cancellation date either with coverage or benefits relative to policy insurance."
                },
                "cancellationReasonCode": {
                    "type": "string",
                    "description": "A code that details the reason for the cancellation or non-renewal of the associated item.",
                    "x-codeList": "cancellationReasonCodeList",
                    "enum": [
                        "Advisor canceled",
                        "Carrier canceled",
                        "Client canceled"
                    ]
                },
                "cancellationReasonDescription": {
                    "type": "string",
                    "description": "Detail description of cancellation, or non-renewal of the associated item."
                }
            }
        },
        "cedent": {
            "type": "object",
            "description": "This represents a party in an insurance contract who passes the financial obligation for certain potential losses to the insurer.",
            "allOf": [
                {"$ref": "#/$defs/nameBase"},
                {"$ref": "#/$defs/cedent_policy"}
            ],
            "required": [
                "policyNumber",
                "fullName"
            ],
            "properties": {
                "arrangement": {
                    "type": "object",
                    "allOf": [
                        {"$ref": "#/$defs/arrangement"}
                    ]
                }
            }
        },
        "communication": {
            "type": "object",
            "description": "This object indicates ways to communicate with a party.",
            "properties": {
                "emailAddress": {
                    "type": "string",
                    "description": "This is an electronic address."
                },
                "websiteURL": {
                    "type": "string",
                    "format": "uri",
                    "description": "This is an address location of a particular site on the Internet."
                }
            }
        },
        "correspondence": {
            "type": "object",
            "description": "This object defines interaction or communication between parties.",
            "properties": {
                "contactDate": {
                    "type": "string",
                    "description": "This is the date on which the correspondence was initiated."
                },
                "methodCode": {
                    "type": "string",
                    "description": "This will define the method in which the correspondence is delivered.",
                    "x-codeList": "correspondenceMethodCodeList",
                    "enum": [
                        "FedEx",
                        "Electronic Delivery",
                        "Hand Delivery",
                        "UPS",
                        "USPS"
                    ]
                },
                "trackingNumber": {
                    "type": "string",
                    "description": "This is a unique number associated with the method code to track the specific correspondence"
                }
            }
        },
        "duration": {
            "type": "object",
            "description": "Duration represents the amount of time a task is expected to take.",
            "properties": {
                "endDate": {
                    "type": "string",
                    "format": "date",
                    "description": "This is the end date for a specific date range, the explicit meaning of which is implied by its parent or usage."
                }
            }
        },
        "fileInformation": {
            "type": "object",
            "description": "This object will contain all information related to file attachments.",
            "allOf": [
                {
                    "$ref": "#/$defs/messageStatus",
                    "propertyNames": {
                        "enum": [
                            "errorCode",
                            "typeCode",
                            "fileName",
                            "formNumber",
                            "content",
                            "deadlineDate",
                            "note"
                        ]
                    }
                },
                {
                    "if": {
                        "properties": {
                            "errorCode": {"const": "Other"}
                        }
                    },
                    "then": {
                        "required": ["note"]
                    }
                }
            ],
            "properties": {
                "content": {
                    "type": "string",
                    "description": "content of file."
                },
                "deadlineDate": {
                    "type": "string",
                    "format": "date",
                    "description": "This is the last date this specific file canbe submitted by."
                },
                "errorCode": {
                    "type": "string",
                    "description": "This provides the overall error code for Document Review",
                    "enum": [
                        "Application Issue",
                        "Contact Carrier",
                        "Incomplete Form",
                        "Missing Form",
                        "Missing Signature",
                        "Need Clarity",
                        "Other"
                    ]
                },
                "fileName": {
                    "type": "string",
                    "description": "The name of the supporting file"
                },
                "formNumber": {
                    "type": "string",
                    "description": "This represents form number of file."
                },
                "typeCode": {
                    "type": "string",
                    "description": "Coded indication of the business purpose of the file.",
                    "x-codeList": "fileInformationTypedCodeList",
                    "enum": [
                        "Electronic",
                        "Paper",
                        "PDF Attachment"
                    ]
                },
                "note": {
                    "type": "object",
                    "allOf": [
                        {"$ref": "#/$defs/note"}
                    ]
                }
            }
        },
        "messageInformation": {
            "type": "object",
            "description": "The Message Information Resource is designed to provide all the information about a message.",
            "properties": {
                "businessPurposeTypeCode": {
                    "type": "string",
                    "description": "A code indicating the business event being submitted in this message.",
                    "x-codeList": "businessPurposeTypeCodeList",
                    "enum": ["291"]
                },
                "recordCount": {
                    "type": "integer",
                    "format": "int32",
                    "description": "This is the number of records returned or max limit of records\nto be returned for this transaction."
                },
                "sequenceNumber": {
                    "type": "integer",
                    "description": "This is a control count which is incremented by 1 for each\ntransaction (across multiple sessions) sent by a physical sender to a physical receiver. The count is kept on a machine-to-machine basis. It must be checked by the physical receiving party to assure that no messages\nhave been missed."
                },
                "trackingNumber": {
                    "type": "string",
                    "description": "This is an alphanumeric value used to identify a specific transaction."
                },
                "sender": {
                    "type": "string",
                    "description": "This is to identify the sender of this particular transaction."
                },
                "receiver": {
                    "type": "string",
                    "description": "This is to identify the receiver of this particular transaction."
                },
                "associatedFirmId": {
                    "type": "string",
                    "description": "This is the identifier for a 3rd party submitting on behalf of the sender."
                },
                "messageStatus": {
                    "type": "object",
                    "allOf": [
                        {"$ref": "#/$defs/messageStatus"}
                    ],
                    "properties": {
                        "statusCode": {
                            "type": "string",
                            "description": "A code  for response messages indicating the status or result following receipt of the request message.",
                            "enum": [
                                "Connection Error",
                                "Schema/Business Validation Error",
                                "Successful"
                            ]
                        },
                        "errors": {
                            "type": "array",
                            "items": {"$ref": "#/$defs/messageStatus"},
                            "propertyNames": {
                                "enum": [
                                    "errorCode",
                                    "errorDescription"
                                ]
                            }
                        }
                    },
                    "propertyNames": {
                        "enum": [
                            "statusCode",
                            "statusDescription",
                            "errors"
                        ]
                    }
                }
            }
        },
        "messageStatus": {
            "type": "object",
            "description": "This object is used in a response message to provide the complete status from the result of processing the matching request",
            "properties": {
                "errorCode": {
                    "type": "string",
                    "description": "This provides the overall error code for the message. Extended information might be provided depending on the code."
                },
                "errorDescription": {
                    "type": "string",
                    "description": "Message error description. General explanatory text associated with the  message error code."
                },
                "statusCode": {
                    "type": "string",
                    "description": "A code  for response messages indicating the status or result following receipt of the request message."
                },
                "statusDescription": {
                    "type": "string",
                    "description": "Message status description. General explanatory text associated with the overall message status."
                }
            }
        },
        "nameBase": {
            "type": "object",
            "description": "This object will contain information regarding names for a party",
            "properties": {
                "fullName": {
                    "type": "string",
                    "description": "This is the full name of the party"
                }
            }
        },
        "note": {
            "type": "object",
            "description": "A brief record of facts, topics, or thoughts, written down.",
            "properties": {
                "description": {
                    "type": "string",
                    "description": "Free form text of the note entered.",
                    "maxLength": 1024
                }
            }
        },
        "owner": {
            "type": "object",
            "description": "This is the owner of the policy/application.",
            "allOf": [
                {"$ref": "#/$defs/nameBase"}
            ]
        },
        "partyIdentity": {
            "type": "object",
            "description": "This object identifies the party Identity like SSN/CRD/DTCC Member Code.",
            "properties": {
                "typeCode": {
                    "type": "string",
                    "description": "A code identifying individual type of  unique identification. For example, in the USA - SSN or FEIN.",
                    "enum": [
                        "NPN",
                        "SSN",
                        "CRD"
                    ]
                },
                "typeId": {
                    "type": "string",
                    "description": "This is the unique Identifier for the party.",
                    "minLength": 5,
                    "maxLength": 10
                }
            },
            "additionalProperties": false
        },
        "payment": {
            "type": "object",
            "description": "This entity contains details around an amount paid or payable.",
            "required": [
                "typeCode",
                "methodCode",
                "grossAmount",
                "statusCode"
            ],
            "properties": {
                "effectiveDate": {
                    "type": "string",
                    "format": "date",
                    "description": "This depicts about the postingRate transaction effective date."
                },
                "grossAmount": {
                    "type": "number",
                    "format": "double",
                    "description": "Payments for entire amount."
                },
                "methodCode": {
                    "type": "string",
                    "description": "This is indicates the type of payment mode, availed by the user, while performing the payment transactions. This reference the paymentMethodCodeList.",
                    "x-codeList": "paymentMethodCodeList",
                    "enum": [
                        "Another Policy",
                        "Check",
                        "Clearinghouse",
                        "Credit Card",
                        "Debit Card",
                        "Digital Payment",
                        "Electronic Fund Transfer",
                        "Payroll Deduction",
                        "Wire Transfer"
                    ]
                },
                "receivedDate": {
                    "type": "string",
                    "format": "date",
                    "description": "Date on which payment was rtecieved by the payee."
                },
                "statusCode": {
                    "type": "string",
                    "description": "This depicts about the payments status.",
                    "x-codeList": "paymentStatusCodeList",
                    "enum": [
                        "Action Required",
                        "Complete",
                        "In Progress"
                    ]
                },
                "statusReasonDescription": {
                    "type": "string",
                    "description": "A string to provide more detail around a specific payment status."
                },
                "typeCode": {
                    "type": "string",
                    "description": "Code representing type of payment.",
                    "x-codeList": "paymentTypeCodeList",
                    "enum": [
                        "Contribution",
                        "Direct Rollover",
                        "Employee Contribution",
                        "Employer Contribution",
                        "Full 1035 Exchange",
                        "Indirect Rollover",
                        "Non-qualified Transfer of Assets",
                        "Partial 1035 Exchange",
                        "Qualified Transfer"
                    ]
                },
                "cedent": {
                    "type": "object",
                    "description": "This represents a party in an insurance contract who passes the financial obligation for certain potential losses to the insurer.",
                    "allOf": [
                        {"$ref": "#/$defs/cedent"}
                    ]
                },
                "note": {
                    "type": "object",
                    "allOf": [
                        {"$ref": "#/$defs/note"}
                    ]
                }
            },
            "allOf": [
                {
                    "if": {
                        "anyOf": [
                            {
                                "properties": {
                                    "statusCode": {"const": "Action Required"}
                                }
                            },
                            {
                                "properties": {
                                    "statusCode": {"const": "In Progress"}
                                }
                            }
                        ]
                    },
                    "then": {
                        "required": ["statusReasonDescription"],
                        "properties": {
                            "statusReasonDescription": {
                                "enum": [
                                    "Contact the Carrier",
                                    "Awaiting funds from Ceding Company",
                                    "No funds received (Cash)",
                                    "Funding Discrepancy",
                                    "NIGO at Ceding Carrier",
                                    "Pending Reg 60"
                                ]
                            }
                        }
                    }
                },
                {
                    "if": {
                        "properties": {
                            "statusCode": {"const": "Complete"}
                        }
                    },
                    "then": {
                        "required": ["effectiveDate"]
                    }
                }
            ]
        },
        "phone": {
            "type": "object",
            "description": "This represents information in relation to communication through a telephone or related communication device.",
            "properties": {
                "phoneNumber": {
                    "type": "string",
                    "minLength": 1,
                    "maxLength": 32,
                    "pattern": "\\+\\S+\\-\\S+\\-\\S+(\\+\\S+)?",
                    "description": "This is the number used for the associated communication."
                }
            }
        },
        "policy": {
            "type": "object",
            "description": "This object defines the details of a policy.",
            "properties": {
                "policyNumber": {
                    "type": "string",
                    "description": "The unique number assigned to the policy, or submission, being referenced.",
                    "minLength": 1,
                    "maxLength": 30,
                    "pattern": "(^[0-9A-Za-z*@#\\s.,'_/~%$!();:&amp;&quot;+&#x00ae;`\\-\\\\?\"=]{1,30}$)"
                },
                "statusCode": {
                    "type": "string",
                    "description": "A code identifying the status of the policy after the latest committed transaction.",
                    "x-codeList": "policyStatusCodeList",
                    "enum": [
                        "Action Required",
                        "Canceled",
                        "Complete",
                        "In Progress",
                        "Received"
                    ]
                },
                "effectiveDate": {
                    "type": "string",
                    "format": "date",
                    "description": "The date on which this policy takes effect."
                },
                "issueDate": {
                    "type": "string",
                    "format": "date",
                    "description": "Date on which the current policy was issued."
                },
                "correspondence": {
                    "type": "object",
                    "allOf": [
                        {"$ref": "#/$defs/correspondence"}
                    ]
                }
            }
        },
        "policy_main": {
            "type": "object",
            "description": "This object defines the details of a policy.",
            "required": ["statusCode"],
            "properties": {
                "application": {
                    "type": "object",
                    "description": "This identifies information about the policy application.",
                    "allOf": [
                        {"$ref": "#/$defs/application"}
                    ],
                    "properties": {
                        "rate": {
                            "type": "object",
                            "description": "This is the rate of the /application",
                            "allOf": [
                                {"$ref": "#/$defs/rate"}
                            ]
                        },
                        "fundsHeld": {
                            "type": "object",
                            "description": "This is the last date to hold funds",
                            "allOf": [
                                {"$ref": "#/$defs/duration"}
                            ]
                        }
                    }
                },
                "caseManager": {
                    "type": "object",
                    "description": "This identifies the contact person if you have questions for this policy.",
                    "allOf": [
                        {"$ref": "#/$defs/nameBase"},
                        {"$ref": "#/$defs/phone"},
                        {"$ref": "#/$defs/communication"}
                    ]
                },
                "policyActivity": {
                    "type": "array",
                    "description": "This identifies information about the agency or the individual within the agency that is producing this business (policy).",
                    "items": {
                        "oneOf": [
                            {"$ref": "#/$defs/policyActivity"}
                        ]
                    }
                }
            },
            "allOf": [
                {"$ref": "#/$defs/cancellationDetails"},
                {"$ref": "#/$defs/policy"},
                {
                    "if": {
                        "properties": {
                            "statusCode": {"const": "Canceled"}
                        }
                    },
                    "then": {
                        "required": [
                            "cancellationDate",
                            "cancellationReasonCode",
                            "cancellationReasonDescription"
                        ]
                    }
                },
                {
                    "if": {
                        "properties": {
                            "statusCode": {"const": "Complete"}
                        }
                    },
                    "then": {
                        "required": [
                            "policyNumber",
                            "issueDate",
                            "effectiveDate"
                        ]
                    }
                },
                {
                    "if": {
                        "properties": {
                            "statusCode": {"const": "Action Required"}
                        }
                    },
                    "then": {
                        "required": ["caseManager"],
                        "properties": {
                            "caseManager": {
                                "required": [
                                    "fullName",
                                    "phoneNumber"
                                ]
                            }
                        }
                    }
                },
                {
                    "if": {
                        "anyOf": [
                            {
                                "properties": {
                                    "statusCode": {"const": "Action Required"}
                                }
                            },
                            {
                                "properties": {
                                    "statusCode": {"const": "In Progress"}
                                }
                            }
                        ]
                    },
                    "then": {
                        "required": ["policyActivity"],
                        "properties": {
                            "policyActivity": {
                                "minItems": 4,
                                "allOf": [
                                    {
                                        "contains": {
                                            "properties": {
                                                "processingStageCode": {"const": "License, Appointment, and Training Review"}
                                            }
                                        }
                                    },
                                    {
                                        "contains": {
                                            "properties": {
                                                "processingStageCode": {"const": "Doc Review"}
                                            }
                                        }
                                    },
                                    {
                                        "contains": {
                                            "properties": {
                                                "processingStageCode": {"const": "Funding"}
                                            }
                                        }
                                    },
                                    {
                                        "contains": {
                                            "properties": {
                                                "processingStageCode": {"const": "Suitability"}
                                            }
                                        }
                                    }
                                ]
                            }
                        }
                    }
                }
            ]
        },
        "cedent_policy": {
            "type": "object",
            "description": "This object defines the details of the cedent policy.",
            "required": ["policyNumber"],
            "allOf": [
                {"$ref": "#/$defs/policy"}
            ]
        },
        "policyActivity": {
            "type": "object",
            "description": "This object identifies lifecycle activity types withing a policy.",
            "required": [
                "processingStageCode",
                "statusCode"
            ],
            "properties": {
                "processingStageCode": {
                    "type": "string",
                    "description": "A code identifying the lifecycle stage the application is in.",
                    "x-codeList": "processingStageCodeList",
                    "enum": [
                        "Doc Review",
                        "Funding",
                        "License, Appointment, and Training Review",
                        "Suitability"
                    ]
                },
                "startDate": {
                    "type": "string",
                    "format": "date",
                    "description": "This is the start date for this specific policy activity."
                },
                "endDate": {
                    "type": "string",
                    "format": "date",
                    "description": "This is the end date for this specific policy activity."
                },
                "deadlineDate": {
                    "type": "string",
                    "format": "date",
                    "description": "This is the last date for this specific policy activity can be performed."
                },
                "statusCode": {
                    "type": "string",
                    "description": "A code identifying the status of the policy activity.",
                    "x-codeList": "policyActivityStatusCodeList",
                    "enum": [
                        "Action Required",
                        "Complete",
                        "In Progress"
                    ]
                },
                "note": {
                    "type": "object",
                    "allOf": [
                        {"$ref": "#/$defs/note"}
                    ]
                },
                "fileInformation": {
                    "type": "array",
                    "items": [
                        {"$ref": "#/$defs/fileInformation"}
                    ]
                },
                "payment": {
                    "type": "array",
                    "items": [
                        {"$ref": "#/$defs/payment"}
                    ]
                }
            },
            "allOf": [
                {"$ref": "#/$defs/messageStatus"},
                {
                    "if": {
                        "properties": {
                            "processingStageCode": {"const": "License, Appointment, and Training Review"}
                        }
                    },
                    "then": {
                        "if": {
                            "properties": {
                                "statusCode": {"const": "Action Required"}
                            }
                        },
                        "then": {
                            "required": [
                                "note",
                                "errors"
                            ],
                            "properties": {
                                "errors": {
                                    "type": "array",
                                    "items": [
                                        {"$ref": "#/$defs/messageStatus"}
                                    ],
                                    "required": ["errorCode"],
                                    "properties": {
                                        "errorCode": {
                                            "enum": [
                                                "Agent not appointed for sale",
                                                "Agent not licensed",
                                                "Contact Carrier",
                                                "JIT - Appointment in progress",
                                                "Other",
                                                "Training Expired",
                                                "Training incomplete/missing"
                                            ]
                                        },
                                        "partyIdentity": {"$ref": "#/$defs/partyIdentity"}
                                    }
                                }
                            }
                        }
                    }
                },
                {
                    "if": {
                        "properties": {
                            "processingStageCode": {"const": "Funding"}
                        }
                    },
                    "then": {
                        "required": ["payment"]
                    }
                },
                {
                    "if": {
                        "properties": {
                            "processingStageCode": {"const": "Doc Review"}
                        }
                    },
                    "then": {
                        "if": {
                            "properties": {
                                "statusCode": {"const": "Action Required"}
                            }
                        },
                        "then": {
                            "required": ["fileInformation"]
                        }
                    }
                },
                {
                    "if": {
                        "properties": {
                            "processingStageCode": {"const": "Suitability"}
                        }
                    },
                    "then": {
                        "properties": {
                            "statusCode": {
                                "enum": [
                                    "Action Required",
                                    "Complete",
                                    "In Progress",
                                    "Not Applicable"
                                ]
                            }
                        },
                        "required": ["note"],
                        "if": {
                            "properties": {
                                "statusCode": {"const": "Action Required"}
                            }
                        },
                        "then": {
                            "required": ["errorCode"],
                            "properties": {
                                "errorCode": {
                                    "enum": [
                                        "More Information Needed ",
                                        "Not Suitable for Client",
                                        "Other"
                                    ]
                                }
                            }
                        }
                    }
                }
            ]
        },
        "rate": {
            "type": "object",
            "description": "This entity represents a rate or factor used to calculate another value",
            "properties": {
                "effectiveDate": {
                    "type": "string",
                    "format": "date",
                    "description": "This is the effective date for the rate."
                }
            }
        }
    }
}