{
    "$schema": "https://json-schema.org/draft/2020-12/schema",
    "type": "object",
    "additionalProperties": true,
    "required": [
        "methodCode",
        "businessPurposeTypeCode",
        "sender",
        "brokerNumber"
    ],
    "allOf": [
        {"$ref": "#/$defs/application"},
        {"$ref": "#/$defs/policy"},
        {"$ref": "#/$defs/broker"},
        {"$ref": "#/$defs/messageInformation"}
    ],
    "oneOf": [
        {
            "required": ["policyNumber"]
        },
        {
            "required": ["applicationNumber"]
        }
    ],
    "$defs": {
        "policy": {
            "type": "object",
            "description": "This object defines the details of a policy.",
            "properties": {
                "policyNumber": {
                    "type": "string",
                    "description": "The unique number assigned to the policy, or submission, being referenced.",
                    "minLength": 1,
                    "maxLength": 30,
                    "pattern": "(^[0-9A-Za-z*@#\\s.,'_/~%$!();:&amp;&quot;+&#x00ae;`\\-\\\\?\"=]{1,30}$)"
                }
            }
        },
        "application": {
            "type": "object",
            "description": "This object defines the details of an application.",
            "properties": {
                "methodCode": {
                    "type": "string",
                    "description": "A code identifying the method on which the application was submitted.",
                    "x-codelist": "submissionMethodCodeList",
                    "enum": [
                        "Electronic",
                        "Other",
                        "Paper"
                    ]
                },
                "applicationNumber": {
                    "type": "string",
                    "description": "The unique number assigned to the application being referenced."
                }
            }
        },
        "broker": {
            "type": "object",
            "description": "This represents a party who arranges transactions between a buyer and a seller for a commission when the deal is executed.",
            "properties": {
                "brokerNumber": {
                    "type": "string",
                    "description": "This is the broker number or code assigned by the insurer."
                }
            }
        },
        "messageInformation": {
            "type": "object",
            "description": "The Message Information Resource is designed to provide all the information about a message.",
            "properties": {
                "businessPurposeTypeCode": {
                    "type": "string",
                    "description": "A code indicating the business event being submitted in this message.",
                    "x-codeList": "businessPurposeTypeCodeList",
                    "enum": ["291"]
                },
                "sender": {
                    "type": "string",
                    "description": "This is to identify the sender of this particular transaction."
                },
                "receiver": {
                    "type": "string",
                    "description": "This is to identify the receiver of this particular transaction."
                },
                "associatedFirmId": {
                    "type": "string",
                    "description": "This is the identifier for a 3rd party submitting on behalf of the sender."
                }
            }
        }
    }
}