{
    "sender" :  "32423432",
    "receiver" :  "6534564",
    "associatedFirmId": "fgdfsgsdfgsdf23423",
    "businessPurposeTypeCode": "293",
    "trackingNumber": "1z2x3c",
    "sequenceNumber": 1,
    "recordCount": 1,
    "policy": [
        {
            "applicationNumber": "123qwe",
            "methodCode": "application order ID, paper ID",
            "statusCode": "Received, In Prorgress, Action Required , Complete,  Canceled",
            "policyNumber": "xyz321",
            "CUSIP": "abc123",
            "productName": "needed for paper submissions",
            "qualifiedPlanTypeCode": "Qualified, Unspecified, Non-Qualified",
            "owner": [
                {
                    "legalEntityTypeCode": "Person, Organizaiton",
                    "fullName": "owner name"
                }
            ],
            "annuitant": [
                {"fullName": "annuitant name"}
            ],
            "agent": [
                {
                    "fullName": "agent name",
                    "partyIdentity": {
                        "typeCode": "NPN, CRD, Carrier appointed ID, Distributor ID",
                        "typeId": "1232dsafsd2134"
                    }
                }
            ]
        }
    ]
}