{
    "$schema": "https://json-schema.org/draft/2020-12/schema",
    "type": "object",
    "properties": {
        "policy": {
            "description": "This object defines the details of a policy.",
            "type": "array",
            "items": [
                {"$ref": "#/$defs/policy"}
            ]
        }
    },
    "allOf": [
        {"$ref": "#/$defs/messageInformation"}
    ],
    "additionalProperties": true,
    "required": [
        "businessPurposeTypeCode",
        "trackingNumber"
    ],
    "$defs": {
        "agent": {
            "type": "object",
            "description": "This identifies information about the agency or the individual within the agency that is producing this business (policy).",
            "allOf": [
                {"$ref": "#/$defs/nameBase"}
            ],
            "required": [
                "fullName",
                "partyIdentity"
            ],
            "properties": {
                "partyIdentity": {
                    "type": "object",
                    "allOf": [
                        {"$ref": "#/$defs/partyIdentity"}
                    ]
                }
            }
        },
        "annuitant": {
            "type": "object",
            "description": "An annuitant is an individual who is entitled to collect the regular payments of a pension or an annuity investment.",
            "allOf": [
                {"$ref": "#/$defs/nameBase"}
            ],
            "required": ["fullName"]
        },
        "application": {
            "type": "object",
            "description": "This object defines the details of an application.",
            "properties": {
                "applicationNumber": {
                    "type": "string",
                    "description": "The unique number assigned to the application being referenced."
                },
                "methodCode": {
                    "type": "string",
                    "description": "A code identifying the method on which the application was submitted.",
                    "enum": [
                        "Electronic",
                        "Other",
                        "Paper"
                    ]
                }
            }
        },
        "messageInformation": {
            "type": "object",
            "description": "The Message Information Resource is designed to provide all the information about a message.",
            "properties": {
                "businessPurposeTypeCode": {
                    "type": "string",
                    "description": "A code indicating the business event being submitted in this message.",
                    "x-codeList": "businessPurposeTypeCodeList",
                    "enum": ["293"]
                },
                "recordCount": {
                    "type": "integer",
                    "format": "int32",
                    "description": "This is the number of records returned or max limit of records to be returned for this transaction."
                },
                "sender": {
                    "type": "string",
                    "description": "This is to identify the sender of this particular transaction."
                },
                "receiver": {
                    "type": "string",
                    "description": "This is to identify the receiver of this particular transaction."
                },
                "associatedFirmId": {
                    "type": "string",
                    "description": "This is the identifier for a 3rd party submitting on behalf of the sender."
                },
                "sequenceNumber": {
                    "type": "integer",
                    "description": "This is a control count which is incremented by 1 for each transaction (across multiple sessions) sent by a physical sender to a physical receiver. The count is kept on a machine-to-machine basis. It must be checked by the physical receiving party to assure that no messages have been missed."
                },
                "trackingNumber": {
                    "type": "string",
                    "description": "This is an alphanumeric value used to identify a specific transaction."
                },
                "messageStatus": {
                    "type": "object",
                    "allOf": [
                        {"$ref": "#/$defs/messageStatus"}
                    ],
                    "properties": {
                        "errors": {
                            "type": "array",
                            "items": {"$ref": "#/$defs/messageStatus"},
                            "propertyNames": {
                                "enum": [
                                    "errorCode",
                                    "errorDescription"
                                ]
                            }
                        }
                    },
                    "propertyNames": {
                        "enum": [
                            "statusCode",
                            "statusDescription",
                            "errors"
                        ]
                    }
                }
            }
        },
        "messageStatus": {
            "type": "object",
            "description": "This object is used in a response message to provide the complete status from the result of processing the matching request",
            "properties": {
                "errorCode": {
                    "type": "string",
                    "description": "This provides the overall error code for the message. Extended information might be provided depending on the code.",
                    "enum": [
                        "Connection Error",
                        "Schema/Business Validation Error",
                        "Successful"
                    ]
                },
                "errorDescription": {
                    "type": "string",
                    "description": "Message error description. General explanatory text associated with the  message error code."
                },
                "statusCode": {
                    "type": "string",
                    "description": "A code  for response messages indicating the status or result following receipt of the request message."
                },
                "statusDescription": {
                    "type": "string",
                    "description": "Message status description. General explanatory text associated with the overall message status."
                }
            }
        },
        "nameBase": {
            "type": "object",
            "description": "This object will contain information regarding names for a party",
            "properties": {
                "fullName": {
                    "type": "string",
                    "description": "This is the full name of the party"
                }
            }
        },
        "owner": {
            "type": "object",
            "description": "This is the owner of the policy/application.",
            "allOf": [
                {"$ref": "#/$defs/nameBase"},
                {"$ref": "#/$defs/party"}
            ],
            "required": ["fullName"]
        },
        "party": {
            "type": "object",
            "description": "This is the high level party object that other party/roles will inherit.",
            "properties": {
                "legalEntityTypeCode": {
                    "type": "string",
                    "description": "A code identifying the legal designation of this company, person, or organization.",
                    "x-codeList": "legalEntityTypeCodeList",
                    "enum": [
                        "Organization",
                        "Person"
                    ]
                }
            }
        },
        "partyIdentity": {
            "type": "object",
            "description": "This object identifies the party Identity like SSN/CRD/DTCC Member Code.",
            "properties": {
                "typeCode": {
                    "type": "string",
                    "description": "A code identifying individual type of  unique identification.For example, in the USA - SSN or FEIN.",
                    "enum": [
                        "Carrier Appointed",
                        "CRD",
                        "Distributor",
                        "NPN"
                    ]
                },
                "typeId": {
                    "type": "string",
                    "description": "This is the unique Identifier for the party.",
                    "minLength": 5,
                    "maxLength": 10
                }
            },
            "additionalProperties": false,
            "required": [
                "typeCode",
                "typeId"
            ]
        },
        "policy": {
            "type": "object",
            "description": "This object defines the details of a policy.",
            "allOf": [
                {"$ref": "#/$defs/application"},
                {"$ref": "#/$defs/product"}
            ],
            "required": [
                "methodCode",
                "applicationNumber",
                "statusCode",
                "productName",
                "owner",
                "annuitant",
                "agent"
            ],
            "properties": {
                "policyNumber": {
                    "type": "string",
                    "description": "The unique number assigned to the policy, or submission, being referenced.",
                    "minLength": 1,
                    "maxLength": 30,
                    "pattern": "(^[0-9A-Za-z*@#\\s.,'_/~%$!();:&amp;&quot;+&#x00ae;`\\-\\\\?\"=]{1,30}$)"
                },
                "statusCode": {
                    "type": "string",
                    "description": "A code identifying the status of the policy after the latest committed transaction.",
                    "x-codeList": "policyStatusCodeList",
                    "enum": [
                        "Action Required",
                        "Canceled",
                        "Complete",
                        "In Progress",
                        "Received"
                    ]
                },
                "annuitant": {
                    "type": "array",
                    "description": "An annuitant is an individual who is entitled to collect the regular payments of a pension or an annuity investment.",
                    "items": [
                        {"$ref": "#/$defs/annuitant"}
                    ]
                },
                "owner": {
                    "type": "array",
                    "description": "This is the owner of the policy/application",
                    "items": [
                        {"$ref": "#/$defs/owner"}
                    ]
                },
                "agent": {
                    "type": "array",
                    "description": "This identifies information about the agency or the individual within the agency that is producing this business (policy).",
                    "items": [
                        {"$ref": "#/$defs/agent"}
                    ]
                }
            }
        },
        "product": {
            "type": "object",
            "description": "This object will contain all policy product details.",
            "properties": {
                "CUSIP": {
                    "type": "string",
                    "description": "CUSIP, is the universally recognized unique nine- digit, alphanumeric identifier for a wide range of financial instruments and their issuers."
                },
                "productName": {
                    "type": "string",
                    "description": "This field provides name of the Policy-Product."
                },
                "qualifiedPlanTypeCode": {
                    "type": "string",
                    "description": "Describes the applicable provision of tax law or regulatory compliance.",
                    "enum": [
                        "Non-Qualified",
                        "Qualified",
                        "Unspecified"
                    ]
                }
            }
        }
    }
}