{
    "$schema": "https://json-schema.org/draft/2020-12/schema",
    "version" : "1.1",
    "type": "object",
    "additionalProperties": true,
    "required": [
        "sender",
        "receiver",
        "brokerNumber",
        "businessPurposeTypeCode",
        "trackingNumber"
    ],
    "allOf": [
        {"$ref": "#/$defs/messageInfomation"},
        {"$ref": "#/$defs/broker"}
    ],
    "$defs": {
        "broker": {
            "type": "object",
            "description": "This represents a party who arranges transactions between a buyer and a seller for a commission when the deal is executed.",
            "properties": {
                "brokerNumber": {
                    "type": "string",
                    "description": "This is the broker number or code assigned by the insurer."
                }
            }
        },
        "messageInformation": {
            "type": "object",
            "description": "The Message Information Resource is designed to provide all the information about a message.",
            "properties": {
                "businessPurposeTypeCode": {
                    "type": "string",
                    "description": "A code indicating the business event being submitted in this message.",
                    "x-codeList": "businessPurposeTypeCodeList",
                    "enum": ["293"]
                },
                "sender": {
                    "type": "string",
                    "description": "this is to identify the sender of this particular transaction."
                },
                "receiver": {
                    "type": "string",
                    "description": "This is to identify the receiver of this particular transaction."
                },
                "associatedFirmId": {
                    "type": "string",
                    "description": "This is the identifier for a 3rd party submitting on behalf of the sender."
                },
                "trackingNumber": {
                    "type": "string",
                    "description": "This is an alphanumeric value used to identify a specific transaction."
                }
            }
        },
        "partyIdentity": {
            "type": "object",
            "description": "This object identifies the party Identity like SSN/CRD/DTCC Member Code.",
            "properties": {
                "typeCode": {
                    "type": "string",
                    "description": "A code identifying individual type of  unique identification. For example, in the USA - SSN or FEIN.",
                    "enum": [
                        "NPN",
                        "SSN",
                        "CRD"
                    ]
                },
                "typeId": {
                    "type": "string",
                    "description": "This is the unique Identifier for the party.",
                    "minLength": 5,
                    "maxLength": 10
                }
            },
            "additionalProperties": false
        },
        "product": {
            "type": "object",
            "description": "This object will contain all policy product details.",
            "properties": {
                "CUSIP": {
                    "type": "string",
                    "description": "CUSIP, is the universally recognized unique nine- digit, alphanumeric identifier for a wide range of financial instruments and their issuers."
                }
            }
        }
    }
}